{
  "n_countries": 39,
  "mu_central_median": 0.2595833333333333,
  "mu_ci_width_median": 5.7404166666666665,
  "beta_central_median": 0.04,
  "beta_ci_width_median": 0.2304999999999998
}