{
  "d0.80": {
    "mu_median": 0.25958333333333333,
    "mu_mean": 1.609893162393162
  },
  "d0.90": {
    "mu_median": 0.25958333333333333,
    "mu_mean": 1.5842948717948715
  },
  "d1.00": {
    "mu_median": 0.25958333333333333,
    "mu_mean": 1.5650961538461534
  },
  "d1.10": {
    "mu_median": 0.25958333333333333,
    "mu_mean": 1.5394978632478629
  },
  "d1.20": {
    "mu_median": 0.25958333333333333,
    "mu_mean": 1.520299145299145
  }
}