{
  "M0": {
    "B_rmse_median": 3.0945319747680426,
    "A_mape_median": 4.103881560819999
  },
  "M1": {
    "B_rmse_median": 3.0867523225871114,
    "A_mape_median": 4.104618538511608
  },
  "M2": {
    "B_rmse_median": 3.065383064497361,
    "A_mape_median": 4.188939404072881
  },
  "M3": {
    "B_rmse_median": 3.0945319747680426,
    "A_mape_median": 4.068068936672014
  },
  "M4": {
    "B_rmse_median": 3.0778394037437105,
    "A_mape_median": 4.061922587373254
  }
}