{
  "M0": 4.604704417932623,
  "M1": 4.0580237422905325,
  "M2": 3.9855050190188646,
  "M3": 4.722067800274353,
  "M4": 4.606208776338525
}