{
  "M0": {
    "rho2_median": 0.8010696486571339,
    "rho2_mean": 0.810951609552612,
    "rho1_median": -7.508105681290166,
    "R2_median": 0.9906530206754516
  },
  "M1": {
    "rho2_median": 0.7990534920287681,
    "rho2_mean": 0.7852222502662133,
    "rho1_median": -7.245100481999915,
    "R2_median": 0.9884040485902534
  },
  "M2": {
    "rho2_median": 0.7990534920287681,
    "rho2_mean": 0.7714250547688188,
    "rho1_median": -7.188534957064005,
    "R2_median": 0.9856144054706113
  },
  "M4": {
    "rho2_median": 0.8331840752956503,
    "rho2_mean": 0.8293429735227469,
    "rho1_median": -8.315589511297222,
    "R2_median": 0.9906979387735243
  }
}