{
  "n_countries": 39,
  "test_A_median_mape": {
    "M0": 4.103881560819999,
    "M1": 4.105465721106205,
    "M2": 4.188939404072881
  },
  "test_B_median_rmse_pp": {
    "M0": 3.0945319747680426,
    "M1": 3.086568146224415,
    "M2": 3.065383064497361
  },
  "test_C_median_rmse_logK": {
    "M0": 0.1693194568120566,
    "M1": 0.20721445194568364,
    "M2": 0.20737397590359838
  },
  "share_M1_beats_M0_on_B": 0.5384615384615384,
  "share_M2_beats_M0_on_B": 0.7435897435897436,
  "share_M2_beats_M1_on_B": 0.8461538461538461,
  "median_mu_star": 0.40219196213461955,
  "median_mu0": 0.05,
  "median_mu1": 0.039999999999999994
}