{
  "n_countries": 39,
  "test_B_median_rmse_pp": {
    "M0": 2.8730846365457343,
    "M1": 2.7948717801663894,
    "M2": 2.7828917815972227
  },
  "test_A_median_mape": {
    "M0": 3.6488982768495437,
    "M1": 3.4597990560511556,
    "M2": 3.4597990560511556
  },
  "share_M1_beats_M0_B": 0.41025641025641024,
  "share_M2_beats_M0_B": 0.5384615384615384,
  "median_beta_fitted": 0.01,
  "median_Ki_over_K_end": 0.020458248134182375
}