{
  "analgesic_inpatient": {
    "scr_by_prefecture": {
      "1": 147.92067310997592,
      "2": 100.05845320908338,
      "3": 82.72067446311021,
      "4": 107.44792597141539,
      "5": 105.26929205207813,
      "6": 94.84241580376901,
      "7": 91.65790860142748,
      "8": 85.34053350640593,
      "9": 85.09258070556673,
      "10": 86.15725899846873,
      "11": 70.86444842231988,
      "12": 88.19166481645428,
      "13": 108.3531832293483,
      "14": 95.17050482249316,
      "15": 86.45652938419872,
      "16": 99.0540039309468,
      "17": 118.29746707376583,
      "18": 95.45556203990282,
      "19": 84.12584819259045,
      "20": 85.70827855135732,
      "21": 63.59357253331201,
      "22": 80.64774275153485,
      "23": 84.39867219284456,
      "24": 67.36656862983004,
      "25": 88.27490219401291,
      "26": 100.87479379770612,
      "27": 97.89581402539011,
      "28": 96.94957390580589,
      "29": 79.30768073591338,
      "30": 82.70994758677772,
      "31": 97.45540636015483,
      "32": 112.69397629131748,
      "33": 107.55160538040967,
      "34": 104.8837968053922,
      "35": 108.67106001998495,
      "36": 93.41257091659668,
      "37": 92.00672040411482,
      "38": 99.3043594109896,
      "39": 113.93137577871816,
      "40": 142.5100857392015,
      "41": 124.52747355551612,
      "42": 132.06984531074266,
      "43": 138.07976752179357,
      "44": 126.34451150573942,
      "45": 105.11480755060785,
      "46": 142.87588331676452,
      "47": 122.90200970597162
    },
    "scr_range": [
      63.59357253331201,
      147.92067310997592
    ],
    "scr_mean": 100.52212193216641,
    "scr_tohoku_mean": 96.99944501681394,
    "scr_non_tohoku_mean": 101.03763562709605,
    "variation_ratio": 2.326031817641494
  },
  "neuropathic_outpatient": {
    "scr_by_prefecture": {
      "1": 129.8644487048679,
      "2": 152.03949594044454,
      "3": 139.34092761567533,
      "4": 115.36585769519907,
      "5": 131.64350633979234,
      "6": 103.1332886513157,
      "7": 115.97969082503106,
      "8": 122.45508737526313,
      "9": 89.16952927947625,
      "10": 91.22344576600399,
      "11": 92.08979186855143,
      "12": 94.12994000973175,
      "13": 105.41834761297453,
      "14": 107.02510587759193,
      "15": 103.81139342891281,
      "16": 95.80497282189701,
      "17": 100.25588466418829,
      "18": 95.1476938599982,
      "19": 93.15679662478196,
      "20": 95.65390339242005,
      "21": 95.29857794929035,
      "22": 88.38555956587444,
      "23": 84.13862092389675,
      "24": 86.7807656623899,
      "25": 89.36862881846984,
      "26": 88.51151817452501,
      "27": 93.93191246003212,
      "28": 90.2130480103412,
      "29": 78.64550750739411,
      "30": 80.92389850125949,
      "31": 98.38457670286842,
      "32": 112.66512567145082,
      "33": 82.01905914542913,
      "34": 94.33781653273687,
      "35": 100.18926625494899,
      "36": 74.66983181793242,
      "37": 101.24465793361715,
      "38": 93.21017869335881,
      "39": 99.38895737394785,
      "40": 103.6855463794017,
      "41": 101.23287772694509,
      "42": 112.6148970615938,
      "43": 96.87689105964051,
      "44": 106.1113875519255,
      "45": 96.40691771276838,
      "46": 103.53184504681093,
      "47": 79.13246898223274
    },
    "scr_range": [
      74.66983181793242,
      152.03949594044454
    ],
    "scr_mean": 100.09807335266386,
    "scr_tohoku_mean": 126.25046117790966,
    "scr_non_tohoku_mean": 96.27089464653028,
    "variation_ratio": 2.0361569356572637
  },
  "diabetes_outpatient": {
    "scr_by_prefecture": {
      "1": 118.54109339060565,
      "2": 121.73835577409615,
      "3": 116.49640295167313,
      "4": 122.44484894041123,
      "5": 115.312244316697,
      "6": 102.14259398674974,
      "7": 113.37576389887774,
      "8": 111.80245029861884,
      "9": 107.14257053707269,
      "10": 93.47441282789427,
      "11": 99.19237674023556,
      "12": 107.58463701027887,
      "13": 99.73336394581403,
      "14": 99.3301373954922,
      "15": 97.48976602995683,
      "16": 89.31549657158038,
      "17": 98.50619654990305,
      "18": 82.71545764165845,
      "19": 117.8005397449784,
      "20": 97.05590584986194,
      "21": 97.07858191492853,
      "22": 97.96773836390909,
      "23": 100.3742768481624,
      "24": 90.38974372808069,
      "25": 100.25818721627711,
      "26": 85.9573186748898,
      "27": 92.21783977202588,
      "28": 96.3263363756851,
      "29": 83.16774098806242,
      "30": 78.73236864867873,
      "31": 86.856035983942,
      "32": 98.10053293981038,
      "33": 87.6794220336588,
      "34": 97.78962517663416,
      "35": 88.00345881033503,
      "36": 82.0398805867611,
      "37": 94.6193122624567,
      "38": 83.16533590546885,
      "39": 107.4385861019999,
      "40": 100.92557273904592,
      "41": 97.73811658889169,
      "42": 97.58634829017772,
      "43": 93.4723634626318,
      "44": 106.16215200304512,
      "45": 100.82800588727888,
      "46": 101.71945824242508,
      "47": 97.19418602494933
    },
    "scr_range": [
      78.73236864867873,
      122.44484894041123
    ],
    "scr_mean": 99.04219446750358
  },
  "method": "Indirect age-sex standardisation using NDB national age-sex-specific prescription rates and e-Stat 2023 October population estimates.",
  "age_groups": 18,
  "population_source": "Statistics Bureau of Japan, Population Estimates 2023",
  "ndb_edition": "10th (April 2023 – March 2024)"
}